ant	agonisant	0.2357519596169315
ant	appelant	0.19964224161754662
ant	apprenant	0.25677867768429513
ant	arrivant	0.2521099324193209
ant	assaillant	0.27543648809279686
ant	assiégeant	0.2287529484108683
ant	assistant	0.16026836049177395
ant	attaquant	0.17478542607615133
ant	combattant	0.2871444568233954
ant	commandant	0.13430017288551918
ant	commençant	0.13154887459031878
ant	commerçant	0.27475783914357177
ant	commettant	0.21068579802552442
ant	communiant	0.18779496200349327
ant	communicant	0.19797725380573794
ant	concédant	0.1181384504313957
ant	conquérant	0.17407729840485284
ant	contractant	0.23476642515900784
ant	contrevenant	0.28081782958891344
ant	coopérant	0.22058496464305627
ant	correspondant	0.11470381158315818
ant	cotisant	0.2362528320166854
ant	débitant	0.15989134941215918
ant	débutant	0.17502613877047404
ant	déposant	0.2681895646625735
ant	détaillant	0.23332341307558646
ant	dirigeant	0.2745336725284342
ant	écoutant	0.08516494046491029
ant	émigrant	0.25554310099520494
ant	encadrant	0.19603623286217045
ant	enseignant	0.2452870087635016
ant	entrant	0.15096977266857312
ant	épargnant	0.28834814587261165
ant	étudiant	0.29047995093284373
ant	exécutant	0.26444973418073014
ant	exploitant	0.2358673431252617
ant	fabricant	0.137180089424298
ant	fabricante	0.10256147442543996
ant	flagellant	0.2024047540955746
ant	fuyant	0.1323773954227023
ant	gagnant	0.2043425885092745
ant	gérant	0.1743614597829556
ant	gouvernant	0.25743716352672813
ant	gouvernante	0.16472337043888374
ant	immigrant	0.25627234530775994
ant	intervenant	0.2922993599389784
ant	judaïsant	0.1997266836832481
ant	manifestant	0.27558859620776044
ant	médisant	0.17852667110890957
ant	mendiant	0.2700500738455097
ant	migrant	0.27611396741622996
ant	militant	0.2513484786532197
ant	mourant	0.20010766227187626
ant	mutant	0.2155088838085694
ant	navigant	0.12643117517411062
ant	négociant	0.17558033981969162
ant	observant	0.22687820031996334
ant	officiant	0.20558337100599666
ant	offrant	0.12814027570976844
ant	opposant	0.284712910835315
ant	participant	0.27752185457832307
ant	passant	0.23765828143958054
ant	perdant	0.19623204422123025
ant	plaignant	0.26658500052015305
ant	postulant	0.3195367997796468
ant	poursuivant	0.19918841647216667
ant	pratiquant	0.2836496188556871
ant	récitant	0.11011058422309994
ant	récoltant	0.13101924864236913
ant	redoublant	0.15158100889658158
ant	repentant	0.15394698339655277
ant	répondant	0.24902877967737758
ant	requérant	0.23976030744286314
ant	résistant	0.2375011125455207
ant	revenant	0.17498082344423707
ant	ruminant	0.20344589119797293
ant	servant	0.21960186223159248
ant	servante	0.20206650694296324
ant	soignant	0.2891731072459137
ant	suicidant	0.08820252485487448
ant	suppléant	0.15548430007688493
ant	surveillant	0.24360179072917948
ant	survivant	0.2517099124550346
ant	trafiquant	0.2423970565495627
ant	vivant	0.2221998585770025
ant	votant	0.19732764433670366
eur	abatteur	0.1767959985007306
eur	aboyeur	0.1914059711727948
eur	abuseur	0.14601787300093003
eur	accompagnateur	0.18635565204117818
eur	accoucheur	0.18880324469155246
eur	accusateur	0.15776724978398018
eur	acheteur	0.20819863191856736
eur	administrateur	0.16698504184458998
eur	afficheur	0.11326544745254896
eur	agioteur	0.19851869204042996
eur	agresseur	0.21140622133823322
eur	aiguilleur	0.175719170210643
eur	ajusteur	0.18308206302307053
eur	allumeuse	0.16690063160361066
eur	amuseur	0.1900564983447318
eur	animateur	0.20069671170802522
eur	annonceur	0.199566765978322
eur	annonciateur	0.1109137675613755
eur	appeleur	0.19418069931961668
eur	argumentateur	0.11850766754675805
eur	armateur	0.18091649383418765
eur	arnaqueur	0.27415784859618014
eur	arnaqueuse	0.16765331140199793
eur	arpenteur	0.16896771967538773
eur	arrangeur	0.15468583731257035
eur	assommeur	0.09007909536140275
eur	assureur	0.19019744300531988
eur	attrapeur	0.191702437571372
eur	avaleur	0.19819118293783095
eur	avaleuse	0.1301787246770824
eur	avorteur	0.18657691882824268
eur	avorteuse	0.15151941161898552
eur	badigeonneur	0.09938665673283244
eur	bagarreur	0.21869429854950673
eur	baigneur	0.22985071141937805
eur	baiseur	0.1881407003277251
eur	balayeur	0.26057140578396515
eur	balayeuse	0.16374319424724507
eur	baratineur	0.20564793738661352
eur	barbouilleur	0.22346119256290983
eur	baroudeur	0.2088021825303961
eur	baroudeuse	0.1076329740556177
eur	barreur	0.1150699170671245
eur	batailleur	0.14777124796156377
eur	bateleur	0.2571024323985642
eur	blagueur	0.20690174659266392
eur	blanchisseur	0.21170687203272365
eur	bluffeur	0.1944771698612372
eur	boiseur	0.16578278043539968
eur	bonimenteur	0.2481442555554569
eur	bosseur	0.15685267586202634
eur	botteur	0.15252763278844178
eur	boudeur	0.16158896436706172
eur	boudeuse	0.11325184366210946
eur	bouffeur	0.14256581984003527
eur	bouilleur	0.13672036959842485
eur	bouquineur	0.13081631537736232
eur	bourlingueur	0.17399619183306922
eur	boursicoteur	0.18233035102492962
eur	boxeur	0.21737515104735217
eur	boxeuse	0.12985732039428477
eur	brailleur	0.08535817771503987
eur	branleur	0.17694047312963254
eur	braqueur	0.2526435493135776
eur	braqueuse	0.1533406712146717
eur	brasseur	0.20407771640735173
eur	bricoleur	0.27290950933238467
eur	briseur	0.16226020626968027
eur	briseuse	0.13096941756410382
eur	brocanteur	0.24773390416693297
eur	bruiteur	0.1655811806235646
eur	buteur	0.11653861906934311
eur	buveur	0.24681849661137117
eur	buveuse	0.1596390864072428
eur	cadreur	0.18694976453286438
eur	cafteur	0.18159672744676006
eur	calomniateur	0.17019155663492574
eur	cambrioleur	0.28348744683923965
eur	campeur	0.23814609120392935
eur	cardeur	0.227138103916072
eur	carillonneur	0.15404724183417315
eur	carotteur	0.10632783906262099
eur	carreleur	0.20618562805440427
eur	cascadeur	0.24755927198564043
eur	casseur	0.23052565528606192
eur	catalyseur	0.12341672278962885
eur	catcheur	0.2012930008691071
eur	causeur	0.1924287534980846
eur	causeuse	0.09043060961745468
eur	cavaleur	0.14565986728795133
eur	chahuteur	0.22344565120529286
eur	challengeur	0.11420414430527533
eur	changeuse	0.12598015745032598
eur	chanteur	0.18010117633168274
eur	chapardeur	0.19133899213388617
eur	charmeur	0.25455655684198814
eur	charmeuse	0.1584677340685397
eur	chasseur	0.17566893921394416
eur	chausseur	0.20858113292605635
eur	chercheur	0.1791573633047424
eur	chevaucheur	0.19210593152609268
eur	chicaneur	0.1024584292259516
eur	chieur	0.14518498892205475
eur	chiffreur	0.12635789350034243
eur	chineur	0.2112385926927694
eur	chroniqueur	0.1869252607766798
eur	chroniqueuse	0.12300330869621875
eur	cireur	0.24611632144046686
eur	cogneur	0.20096246943962381
eur	coiffeur	0.2934973237621646
eur	collaborateur	0.2007737240971576
eur	collectionneur	0.2276015078801295
eur	colleur	0.1318083848606312
eur	colonisateur	0.1499523728522124
eur	colporteur	0.2792396661341244
eur	commandeur	0.09505926783398488
eur	commentateur	0.18540413695099667
eur	comploteur	0.20987991488483684
eur	compositeur	0.15960302475486032
eur	concepteur	0.17426036440499776
eur	conciliateur	0.1410585609259582
eur	conducteur	0.19630535996789222
eur	confectionneur	0.21313178285027284
eur	confesseur	0.1451465435989274
eur	conjurateur	0.16450114983394726
eur	conservateur	0.1354454058981051
eur	consolateur	0.1618477530787915
eur	consommateur	0.168057489326555
eur	conspirateur	0.1971215325113377
eur	constructeur	0.16512596215436787
eur	contemplateur	0.14927352164818736
eur	conteur	0.23013155277886788
eur	continuateur	0.15548118605426867
eur	contradicteur	0.16009841122900068
eur	contributeur	0.17140935113117814
eur	convoyeur	0.19292275360739816
eur	coordinateur	0.12926027612120516
eur	coordonnateur	0.11939172338613309
eur	coproducteur	0.12446120096067721
eur	corrupteur	0.22469974067877432
eur	coupeur	0.2107662474572147
eur	coureur	0.16845694469702116
eur	couvreur	0.20656937453045884
eur	cracheur	0.17181626269112327
eur	creuseur	0.1851326464705291
eur	crieur	0.19761620904560473
eur	crocheteur	0.22759441207335837
eur	croqueur	0.15190518747113677
eur	croqueuse	0.12678068444453525
eur	cueilleur	0.20375720583629225
eur	cueilleuse	0.16784263040179329
eur	cultivateur	0.18579690465753235
eur	danseur	0.21087951227793506
eur	demandeur	0.12840166763374364
eur	descendeur	0.19252151805064568
eur	dessinateur	0.22373536165932742
eur	diagnostiqueur	0.10889406176565986
eur	dictateur	0.17137161831824552
eur	dictatrice	0.0975043067666998
eur	diffamateur	0.19137242459522122
eur	directeur	0.132981372412472
eur	directrice	0.11473558141951214
eur	discoureur	0.1255257829120393
eur	diseur	0.1759798208999525
eur	dispensateur	0.13402970309142298
eur	dissipateur	0.09246615342313053
eur	dominateur	0.1737437692384818
eur	dompteur	0.2824745042483777
eur	donateur	0.16640821470479003
eur	donneur	0.15400545768239962
eur	dormeur	0.17948310644348367
eur	dormeuse	0.1619751449153033
eur	doubleur	0.18858738611038234
eur	doubleuse	0.11414463246532491
eur	dragueur	0.1763857080543172
eur	dragueuse	0.11508502818508572
eur	dresseur	0.22503330452525497
eur	dresseuse	0.17387692058654217
eur	dribbleur	0.1692684602085394
eur	dynamiteur	0.2296881904934587
eur	emballeur	0.2240403108704505
eur	embaumeur	0.21746394752261086
eur	embrasseur	0.1616332945621309
eur	embrouilleur	0.17344225197884738
eur	emmerdeur	0.21709936388375006
eur	empailleur	0.18698146650596695
eur	employeur	0.19224013867657094
eur	empoisonneur	0.21723349565062144
eur	emprunteur	0.1471122722924791
eur	encadreur	0.2223472199430119
eur	encaisseur	0.23569750685066015
eur	enchanteur	0.18041570747434427
eur	enculeur	0.17077832758398734
eur	endormeur	0.15132451259904625
eur	endosseur	0.11001107692239424
eur	enfileur	0.1199221459641443
eur	enfonceur	0.1708598776922416
eur	enlumineur	0.15464972107555983
eur	enquiquineur	0.08018893232022967
eur	ensorceleur	0.23140050537350254
eur	entremetteur	0.2099772015367725
eur	entrepreneur	0.21850033236396685
eur	envahisseur	0.14828503174020796
eur	envoyeur	0.10357414310853208
eur	escaladeur	0.17440302341280006
eur	escamoteur	0.20283069312528235
eur	essayeur	0.13071269464392685
eur	examinateur	0.16262552775163366
eur	exploiteur	0.2127663243548171
eur	explorateur	0.17675093752221455
eur	exploratrice	0.15804982611720625
eur	exportateur	0.12520769842687146
eur	exterminateur	0.2148154312267081
eur	facilitateur	0.1472263078714544
eur	faiseur	0.212586897953288
eur	faucheur	0.19533898383199433
eur	feinteur	0.10072395844627215
eur	fendeur	0.1785831810990571
eur	ferrailleur	0.25196216754533407
eur	fileur	0.19488582454057893
eur	flagellateur	0.11345258953808557
eur	flagorneur	0.1753358356147179
eur	flatteur	0.2163404041574544
eur	flingueur	0.1981281914481474
eur	fonceur	0.21554402562237812
eur	fondateur	0.13003619741030673
eur	fondatrice	0.11391048229181737
eur	fondeur	0.184682944340279
eur	forceur	0.08984684937829111
eur	foreur	0.14194182528822688
eur	forgeur	0.19702736912324179
eur	formateur	0.1372364229781191
eur	fornicateur	0.16504979115425933
eur	fossoyeur	0.2667273842388802
eur	fouetteur	0.18972006705591546
eur	fouilleur	0.12498137304280746
eur	fouineur	0.24233493984823395
eur	fouisseur	0.15483873583219615
eur	fouleur	0.1469559745923857
eur	fournisseur	0.16691378792397432
eur	fourreur	0.20873282327600806
eur	fouteur	0.12623008595233334
eur	fraiseur	0.1608646583846528
eur	frappeur	0.14128781586010122
eur	fraudeur	0.25776378380749865
eur	frimeur	0.2038973628617414
eur	fugueur	0.2291859768607284
eur	fumeur	0.24536175310168043
eur	fumeuse	0.19876117817033057
eur	gaffeur	0.27506372058465084
eur	gagneur	0.12782502685549366
eur	gardeur	0.17356622233273028
eur	glandeur	0.21064660972725985
eur	glaneur	0.12465453172162377
eur	gobeur	0.17499649692426533
eur	godilleur	0.09569647514272062
eur	gouverneur	0.11646309661882541
eur	gratteur	0.1730881947369595
eur	gribouilleur	0.11994737893851182
eur	griffeur	0.19221593942368714
eur	grimpeur	0.18613652350666116
eur	guerroyeur	0.11100819650185993
eur	guetteur	0.18750789081572783
eur	guillotineur	0.11463280212020806
eur	habilleur	0.19497720300819543
eur	handicapeur	0.08832397249387142
eur	harceleur	0.2179288064003206
eur	harponneur	0.18978205814740992
eur	hurleur	0.1803326968643233
eur	hypnotiseur	0.2514501337514564
eur	illustrateur	0.19770712217972514
eur	imitateur	0.2481774759037731
eur	importateur	0.16354705252323362
eur	improvisateur	0.17795024931623663
eur	incitateur	0.12900582318260964
eur	informateur	0.23501123339570376
eur	initiateur	0.11761295601266347
eur	innovateur	0.19239015626348227
eur	inspecteur	0.17261786229485257
eur	installateur	0.175524515071431
eur	installeur	0.10474435133456944
eur	instauratrice	0.12548496856479172
eur	instructeur	0.16470079121215675
eur	insulteur	0.17440461823437836
eur	intercepteur	0.1299195158489088
eur	intercesseur	0.15748735815989326
eur	interpolateur	0.082796321655813
eur	interrogateur	0.21608099776356843
eur	intervieweur	0.15888466904216192
eur	inventeur	0.1914450730598885
eur	investigateur	0.19998022468843546
eur	investigatrice	0.10189505750961474
eur	investisseur	0.1818161289533901
eur	jaseur	0.09679469349796747
eur	jeteur	0.1440128114660044
eur	joggeur	0.16859028133346424
eur	joggeuse	0.10295389379876795
eur	jongleur	0.2294308140994353
eur	joueur	0.1830739939164625
eur	jouteur	0.1736288415623776
eur	kidnappeur	0.24020216321574814
eur	laboureur	0.2082967753435486
eur	largueur	0.10911983984667141
eur	leveur	0.18072869870739666
eur	lieur	0.1483210365138036
eur	liquidateur	0.16992475956456443
eur	livreur	0.2689877043829561
eur	livreuse	0.16212673662573798
eur	louangeur	0.10590628957774062
eur	loucheur	0.16437043788089384
eur	loueur	0.19550348514616364
eur	lutteur	0.197677919576069
eur	magouilleur	0.24370708614865325
eur	mainteneur	0.11633046609925182
eur	mangeur	0.21286814888107147
eur	manieur	0.18244714191036066
eur	manipulateur	0.2431361588408397
eur	maquilleur	0.22411177999422346
eur	maraudeur	0.1996380899600028
eur	marcheur	0.22020813055500865
eur	marieur	0.2018404130450964
eur	marteleur	0.2322993282875054
eur	massacreur	0.16642541636783917
eur	masseur	0.26707424647799655
eur	mateur	0.12527272963195593
eur	matraqueur	0.15886384794268024
eur	meneur	0.18518522402039975
eur	menteur	0.25907920224639147
eur	metteur	0.1442398107531274
eur	migrateur	0.11024264600082928
eur	mitrailleur	0.12684054686758126
eur	modeleur	0.1696435243693154
eur	moissonneur	0.22059127247557553
eur	monteur	0.17880051107933964
eur	montreur	0.22798434785798127
eur	moqueur	0.1790544990126956
eur	moralisateur	0.13966922859228548
eur	mordeur	0.17107442595573905
eur	motivateur	0.15036450553922381
eur	moucheur	0.1686081674791722
eur	mouleur	0.16721164669073751
eur	mystificateur	0.21882092206631598
eur	nageur	0.1721703460730859
eur	narrateur	0.20879310688285205
eur	noceur	0.2525022828604373
eur	objecteur	0.1131593630158753
eur	observateur	0.1723101502843506
eur	offenseur	0.15605030314012308
eur	oppresseur	0.17863184505006952
eur	ordonnateur	0.12445416404686373
eur	organisateur	0.1364353384015036
eur	orienteuse	0.1350558328412274
eur	orpailleur	0.19029300610276298
eur	ourdisseur	0.1354987206687407
eur	ouvreur	0.15319212476585076
eur	ouvreuse	0.19199376311174948
eur	pacificateur	0.15643173207847827
eur	pagayeur	0.1660813610070737
eur	pareur	0.19726790614218948
eur	parieur	0.24146166631627758
eur	parleur	0.16953170779902738
eur	parqueteur	0.16978135405445438
eur	passeur	0.17257014843217836
eur	passeuse	0.1021767328730071
eur	pasticheur	0.14804918177580426
eur	patineur	0.15167910257373904
eur	paveur	0.22310480556137366
eur	payeur	0.17063350811001557
eur	pelleteur	0.18360040267393937
eur	pendeur	0.09981940215770779
eur	penseur	0.18119112083595568
eur	penseuse	0.10507845683521487
eur	percepteur	0.16972138990921926
eur	perceur	0.20834458722109261
eur	perturbateur	0.1262249379902166
eur	pilleur	0.17496470886283771
eur	pinailleur	0.132642514664011
eur	piocheur	0.18808587131974927
eur	pipeur	0.19157732393986404
eur	pisseur	0.1014502997101001
eur	pisseuse	0.1431903338333692
eur	placeur	0.20426328421915568
eur	plaideur	0.18156304562142891
eur	planificateur	0.1385843409388448
eur	planteur	0.17811848172766262
eur	plaqueur	0.19627882595299598
eur	plastiqueur	0.19835656692671538
eur	pleureur	0.15006217471516817
eur	pleureuse	0.17246607943827774
eur	pleurnicheur	0.16661501623167232
eur	plieur	0.17716214818507242
eur	plongeur	0.21419014941489845
eur	polisseur	0.2163921252003601
eur	pollueur	0.17803455672406437
eur	pompeur	0.0853174754961672
eur	pondeur	0.12876680600993295
eur	pondeuse	0.11444340295356548
eur	porteur	0.18132785627712683
eur	porteuse	0.1036296038823322
eur	poseur	0.14849187604341085
eur	pourchasseur	0.1266514193999124
eur	pourfendeur	0.1795914173368323
eur	pourvoyeur	0.1458254586050256
eur	prieur	0.12131206827433473
eur	priseur	0.15575606187377344
eur	producteur	0.18763313894906433
eur	profanateur	0.1083692995494872
eur	professeur	0.15853776931606064
eur	profiteur	0.22547764076753338
eur	programmeur	0.19909050105237697
eur	promeneur	0.19201810296157637
eur	promeneuse	0.1729358373017541
eur	prometteur	0.1602292009201012
eur	promoteur	0.16913276340481667
eur	pronostiqueur	0.18233081990690392
eur	propagateur	0.14889223790718933
eur	prospecteur	0.19836297619447732
eur	provocateur	0.22179921822325657
eur	publieur	0.13342371727141894
eur	punisseur	0.1379281118601409
eur	questionneur	0.14248500835168001
eur	raboteur	0.12427695149783886
eur	racketteur	0.2613557688432618
eur	racoleur	0.15916592080354391
eur	raconteur	0.19064288622430733
eur	radoteur	0.20719289359405527
eur	railleur	0.19459883213670573
eur	raisonneur	0.20315561400939056
eur	ramasseur	0.22593734352431014
eur	ramasseuse	0.1511994621614465
eur	ramoneur	0.214040541318647
eur	randonneur	0.16932035442930293
eur	randonneuse	0.09618350095690133
eur	rappeur	0.16288879212675159
eur	rassembleur	0.12775039258695856
eur	ravageur	0.16155725425571024
eur	ravisseur	0.19408500676858736
eur	receleur	0.28400226545910967
eur	recenseur	0.1448494784771812
eur	reconstructeur	0.09890667914422208
eur	recruteur	0.22058076084596842
eur	regardeur	0.1107765061801618
eur	relanceur	0.16197710677638896
eur	relayeur	0.1288897158914109
eur	relieur	0.21324875211866134
eur	rempailleur	0.19525022412306725
eur	remueur	0.1592740305592403
eur	repasseur	0.14220907737249544
eur	repreneur	0.17101667804206194
eur	reproducteur	0.11942238848142235
eur	resquilleur	0.18798199587518324
eur	retoucheur	0.14751091672408165
eur	revendeur	0.21070675536458028
eur	rhabilleur	0.19688500034451534
eur	ricaneur	0.1651336477651043
eur	rieur	0.21563208309468657
eur	rieuse	0.14831897129248114
eur	rimailleur	0.141018193330964
eur	rimeur	0.22455885939643339
eur	rongeur	0.16783106693167713
eur	rouleur	0.17581358857804108
eur	saboteur	0.20088126358105118
eur	sabreur	0.21959782707907405
eur	sacrificateur	0.18096817789038566
eur	saigneur	0.1935982819066109
eur	saleur	0.15898770664190898
eur	sauteur	0.15962292401394837
eur	sauveteur	0.21010569327534726
eur	sauveur	0.1785478691272101
eur	scalpeur	0.14234964308710374
eur	scieur	0.15982838370001698
eur	scripteur	0.17393209058567222
eur	sculpteur	0.1662623993583209
eur	sculptrice	0.11607546401644032
eur	sermonneur	0.20204486273969485
eur	serveuse	0.20176147154600452
eur	serviteur	0.2382535228448637
eur	shampouineur	0.137406440580884
eur	siffleur	0.14297090407710086
eur	signaleur	0.1586948533734593
eur	skieur	0.1593259932509736
eur	soigneur	0.26964969792328575
eur	soldeur	0.15060761340311443
eur	solliciteur	0.1498371135675021
eur	sonneur	0.16726845441162463
eur	soudeur	0.216011094330192
eur	souffleuse	0.15437618716170817
eur	soupeur	0.13268408305429363
eur	souscripteur	0.144186123501523
eur	souteneur	0.2683072794073831
eur	sprinteur	0.18185567720385787
eur	squatteur	0.17072338308511298
eur	suborneur	0.19670151596982074
eur	superviseur	0.15075446787140512
eur	supporteur	0.16977265106127348
eur	suppresseur	0.11269525873575784
eur	surfeur	0.2363957257131026
eur	talonneur	0.12694242202885384
eur	tambourineur	0.11145817254318606
eur	tanneur	0.21037852721638858
eur	tapageur	0.1592208130927634
eur	tapeur	0.11115835833241954
eur	tatoueur	0.25146914534476317
eur	tatoueuse	0.13668695347626011
eur	tentateur	0.1897761230010165
eur	testeuse	0.13443446329948017
eur	tirailleur	0.11545956470369265
eur	tireur	0.1950266901113033
eur	tireuse	0.14272320952749956
eur	tisseur	0.22202987818081502
eur	toiletteur	0.22313136512065757
eur	tombeur	0.1646990760226197
eur	tondeur	0.23491381256003052
eur	tordeur	0.1638194246075238
eur	tourmenteur	0.20822715087913732
eur	tourneur	0.17380805247333828
eur	transgresseur	0.15271577306061124
eur	transporteur	0.16308203015211173
eur	traqueur	0.21826918473179693
eur	travailleur	0.1710410668147595
eur	travailleuse	0.153826625061807
eur	tricheur	0.2658468207383791
eur	tricoteur	0.19267368267163149
eur	trimardeur	0.2332954709728571
eur	triomphateur	0.12208074970511665
eur	tripoteur	0.19712319885090443
eur	trompeur	0.17431076786723418
eur	trousseur	0.20577786653762906
eur	trouveur	0.1812441538984618
eur	truqueur	0.19659955935729093
eur	tueur	0.24201049929760318
eur	tuyauteur	0.19750574828056722
eur	usurpateur	0.15852867128402628
eur	utilisateur	0.14528054200098112
eur	vadrouilleur	0.18053314466935647
eur	vainqueur	0.09813863569769078
eur	valseur	0.16058712418926238
eur	valseuse	0.151900488267703
eur	vanneur	0.1969673226705865
eur	varappeur	0.13804993679800362
eur	veilleur	0.21826328042080137
eur	vendeur	0.2619977434041942
eur	vengeur	0.18999416748385106
eur	vernisseur	0.17618260269216232
eur	versificateur	0.18723623974267017
eur	vidangeur	0.18542291337597444
eur	videur	0.25365315471869676
eur	violeur	0.23920213612411317
eur	visiteur	0.14939944193817725
eur	visiteuse	0.15832430247278959
eur	viveur	0.2185717799633451
eur	voleur	0.2955034097758776
eur	voltigeur	0.14580093376947204
eur	voyageur	0.1728876282254992
eur	acquéreur	0.1170663080121418
eur	affréteur	0.13508186639221104
eur	bâtisseur	0.16350681765291586
eur	bêcheur	0.15546862966404454
eur	blasphémateur	0.20536839827194156
eur	bûcheur	0.13939990698365531
eur	câbleur	0.15820302039528908
eur	chômeur	0.15407927684684272
eur	chronométreur	0.13553412507885035
eur	coopérateur	0.1377151385079166
eur	crâneur	0.1868900652851489
eur	créateur	0.21497188551769447
eur	débatteur	0.18216912637487762
eur	déboucheur	0.16265686075735855
eur	décapeur	0.09953492263406964
eur	déchiffreur	0.11254060694876022
eur	décideur	0.16181670847173416
eur	déconneur	0.1543570611830851
eur	décorateur	0.17659424558511896
eur	découpeur	0.22425132288053998
eur	découvreur	0.1486349831703524
eur	découvreuse	0.0955354791002463
eur	décrypteur	0.1544772282839744
eur	défendeur	0.1423002341785218
eur	défenseur	0.17421574951842309
eur	dégustateur	0.1940424066936548
eur	démarcheur	0.21666733766633683
eur	déménageur	0.28767230299022856
eur	déménageuse	0.07702060196907817
eur	démineur	0.16330752648732585
eur	démolisseur	0.20325132260796402
eur	démonstrateur	0.11366460537813976
eur	démystificateur	0.12909053575588758
eur	dénicheur	0.18023346815698266
eur	dénonciateur	0.20843573977501687
eur	dépanneur	0.22094526403425072
eur	dépeceur	0.1740510118360647
eur	déserteur	0.2171415905742073
eur	désosseur	0.14277787372550493
eur	déterreur	0.16676388774461706
eur	détrousseur	0.21957141688908943
eur	dévoreur	0.135726092932465
eur	dîneur	0.25978910770377406
eur	éboueur	0.2749119703925533
eur	écorcheur	0.16652816964244277
eur	écouteuse	0.08476063044247735
eur	écumeur	0.12960876414035202
eur	éditeur	0.1808803080060564
eur	éducateur	0.21800948566403094
eur	éducatrice	0.1538212973683732
eur	égorgeur	0.21897734239692718
eur	éjaculateur	0.1215980452510395
eur	élagueur	0.22834002279908494
eur	électeur	0.1183674827376119
eur	éleveur	0.20680625248813886
eur	empêcheur	0.10460362679517186
eur	enchérisseur	0.14253575207205774
eur	enjôleur	0.1719931792830268
eur	enquêteur	0.22364226571043958
eur	entraîneur	0.1633146630870431
eur	entraîneuse	0.17601466695676166
eur	envoûteur	0.21161908426888604
eur	équarrisseur	0.24066788140342765
eur	étameur	0.235548488836578
eur	étouffeur	0.13382418132369328
eur	étrangleur	0.18808670783986375
eur	évaluateur	0.13039905808990063
eur	évangélisateur	0.1098333422371784
eur	éveilleur	0.14744618287668831
eur	éventreur	0.14535109724235903
eur	exécuteur	0.16534645091109373
eur	expéditeur	0.14186827783635483
eur	expérimentateur	0.18730987999829746
eur	fécondateur	0.09698002576717121
eur	fédérateur	0.12065075051121212
eur	flâneur	0.17763609049265097
eur	gâcheur	0.18591561609921753
eur	gêneur	0.22236826915405686
eur	goûteur	0.21772423989694473
eur	guérisseur	0.2320884538748464
eur	hâbleur	0.2626926452218066
eur	inquiéteur	0.1069228134816902
eur	lâcheur	0.14482441058030535
eur	lécheur	0.1800105942363483
eur	libérateur	0.13754254022285403
eur	mâcheur	0.1966553395975439
eur	métreur	0.15430097022272285
eur	négociateur	0.16376978110594373
eur	pécheur	0.20388767423263263
eur	pêcheur	0.22747797547958976
eur	pédaleur	0.17196559778949952
eur	persécuteur	0.1859013878175975
eur	péteur	0.20170468933712332
eur	piégeur	0.219436025702078
eur	prêcheur	0.15386015533665462
eur	préparateur	0.16951088909552267
eur	présentateur	0.16925413489736982
eur	prêteur	0.17447731536839636
eur	prévaricateur	0.1622805494122936
eur	procréateur	0.09981075122907716
eur	quémandeur	0.17210415416438157
eur	quêteur	0.22804473087070248
eur	râleur	0.2750904877258599
eur	réalisateur	0.2074187084292106
eur	réanimateur	0.10957581229746388
eur	réconciliateur	0.10550504772498112
eur	rédacteur	0.15555786798700394
eur	rééducateur	0.15065466088631424
eur	réformateur	0.14961526709543807
eur	régisseur	0.1996404964701296
eur	régisseuse	0.12317169677515824
eur	régleur	0.1670446845434634
eur	rémouleur	0.23760824680958206
eur	rénovateur	0.1362723356198214
eur	réparateur	0.20895199953656424
eur	répresseur	0.09715789596307023
eur	rétameur	0.26192765519322625
eur	rêveur	0.24004453322567118
eur	réviseur	0.1432220515689184
eur	rôdeur	0.2079080604531931
eur	rôtisseur	0.20717537040711675
eur	rouspéteur	0.19936932240523506
eur	séducteur	0.27049512258362823
eur	sélectionneur	0.1316749596115919
eur	spéculateur	0.20033637252193084
eur	traîneur	0.1691627111289631
eur	vérifieur	0.13256277195619634
eur	ambassadeur	0.13242680630608014
eur	architecteur	0.0986855189786417
eur	auto-stoppeur	0.23840733057762753
eur	autostoppeur	0.24019642981335337
eur	autostoppeuse	0.13845952477246445
eur	avionneur	0.14438795230368776
eur	basketteur	0.15862613707065096
eur	bienfaiteur	0.18006352281365487
eur	boucholeur	0.11529472250657516
eur	chélateur	0.1257879786374715
eur	corailleur	0.10953622083895001
eur	empereur	0.112522044823409
eur	farceur	0.3005747945317557
eur	féticheur	0.18335785973161378
eur	footballeur	0.1462568214353095
eur	footballeuse	0.10962669559129998
eur	franc-parleur	0.10546294033978228
eur	freestyleur	0.12287805437533043
eur	génériqueur	0.10080050516961743
eur	handballeur	0.1360605518768286
eur	handballeuse	0.10865865501917243
eur	hardeur	0.17120431761686664
eur	hockeyeur	0.14855897699941667
eur	hockeyeuse	0.09403179105353086
eur	houilleur	0.17657081843343772
eur	indienneur	0.15028838839603464
eur	kitesurfeur	0.18253800192601277
eur	mareyeur	0.19723231214218173
eur	navetteur	0.11036215373911948
eur	précepteur	0.18585678904139227
eur	pupitreur	0.171657759933438
eur	raquetteur	0.13976773047206095
eur	rocailleur	0.17377101717881868
eur	rockeur	0.19548541305249323
eur	rockeuse	0.12556747279336003
eur	zélateur	0.18891897138716804
ien	aoûtien	0.07717480676952157
ien	astrophysicien	0.40867504858564535
ien	astrophysicienne	0.3480162336583261
ien	cartomancien	0.25462824622672087
ien	chiromancien	0.24665298334387428
ien	chiropraticien	0.3565488878039861
ien	chirurgien	0.4248381947277888
ien	clinicien	0.3412422577280769
ien	collégien	0.18970411475548798
ien	comédien	0.3149635050431848
ien	cybernéticien	0.405527413179307
ien	dialecticien	0.27289217930549164
ien	diététicien	0.3454777350667221
ien	électricien	0.37914875362100914
ien	électronicien	0.409589099015343
ien	esthéticien	0.3454710447313762
ien	galérien	0.1687881215970427
ien	généticien	0.4285106779736384
ien	généticienne	0.32867394486478196
ien	grammairien	0.3271573674535909
ien	historien	0.3787769567513138
ien	hydraulicien	0.4287476779281395
ien	informaticien	0.45670900238704765
ien	logicien	0.4005518650855423
ien	logisticien	0.29328249458623223
ien	magicien	0.2765603328434371
ien	magicienne	0.15944071634810453
ien	marathonien	0.28103871476179215
ien	marathonienne	0.23463826648208244
ien	mathématicien	0.4448799755649018
ien	mécanicien	0.3197681061991659
ien	métaphysicien	0.3266108320729827
ien	musicien	0.33022800193642765
ien	nécromancien	0.15590100399135387
ien	neurochirurgien	0.46167583981412713
ien	opticien	0.38763673894670586
ien	pharmacien	0.40572998393963383
ien	phonéticien	0.43409053580158075
ien	physicien	0.46149159935091816
ien	plasticien	0.3493388886013006
ien	plasticienne	0.248332393242046
ien	politicien	0.36898533734765776
ien	praticien	0.36447295981368544
ien	préhistorien	0.37391297328886647
ien	psychosomaticien	0.312004434120256
ien	psychotechnicien	0.1510168489297438
ien	pyrotechnicien	0.3118185487948434
ien	statisticien	0.4613655929678728
ien	tacticien	0.2577038971076019
ien	tacticienne	0.23485616423193217
ien	technicien	0.33115863962540754
ien	théologien	0.3667679330932691
ien	théoricien	0.36394290561155096
ien	tragédien	0.24231791177473272
ier	bijoutier	0.42780444056323264
ier	bottier	0.4270906565813123
ier	serrurier	0.42696439520839424
ier	épicier	0.42645259658190626
ier	perruquier	0.4229030602000477
ier	cafetier	0.42233318887448135
ier	armurier	0.4219750231974526
ier	quincaillier	0.4205501678551423
ier	charpentier	0.4153730792026282
ier	miroitier	0.41140406979355265
ier	cabaretier	0.4101737528373599
ier	ferblantier	0.40989562889366027
ier	fripier	0.409247987505888
ier	chaudronnier	0.40896231098650115
ier	chapelier	0.40841550673307025
ier	jardinier	0.4065568508416738
ier	tonnelier	0.40569204805869596
ier	boutiquier	0.40334905723768566
ier	gantier	0.40272107494627585
ier	vitrier	0.4007859963257747
ier	charretier	0.4006137769712059
ier	tapissier	0.3962265143782083
ier	plâtrier	0.39600487082003133
ier	cloutier	0.3920527708545553
ier	sellier	0.39107010186510893
ier	sabotier	0.39103402817091903
ier	horloger	0.38467732264963644
ier	drapier	0.3846772053206066
ier	manouvrier	0.38010199013444645
ier	pâtissier	0.3788845304356091
ier	coutelier	0.37832362283737797
ier	terrassier	0.37765888023527366
ier	vannier	0.37658614945855845
ier	couturier	0.3752010612991511
ier	maroquinier	0.3735746752011707
ier	hôtelier	0.3727174308453915
ier	magasinier	0.37121642823009804
ier	postier	0.3699362415526263
ier	barbier	0.3655071873472535
ier	joaillier	0.3604035213215432
ier	chocolatier	0.3586992318588094
ier	faïencier	0.35480087708152563
ier	égoutier	0.350115304400347
ier	crémier	0.34748596146686683
ier	fontainier	0.347189716163323
ier	ouvrier	0.3451261800311841
ier	briquetier	0.33876003286428197
ier	savetier	0.3374070490772691
ier	banquier	0.3353456520239525
ier	poissonnier	0.3345662794819438
ier	tôlier	0.33236175849871474
ier	batelier	0.3315202984908857
ier	matelassier	0.32800083184175594
ier	lunetier	0.32793097076271005
ier	soutier	0.3257334712191907
ier	contrebandier	0.3238558042295091
ier	caissier	0.32364980638770124
ier	bronzier	0.3232609735878761
ier	passementier	0.3224953374127935
ier	grainetier	0.32233342437255386
ier	douanier	0.3198241039093511
ier	tripier	0.3189378112867082
ier	fermier	0.31490593579593196
ier	papetier	0.3135462266930718
ier	potier	0.3127847413386671
ier	luthier	0.30600991762347485
ier	fauconnier	0.304171385040708
ier	placier	0.29978556711112525
ier	cantinier	0.2995558588318606
ier	usurier	0.2988022189187177
ier	ouvrière	0.29682642126445685
ier	écolier	0.2967494828731465
ier	grutier	0.29662545541806645
ier	tavernier	0.2959863461867086
ier	artificier	0.29434414478332804
ier	culottier	0.2838732012601177
ier	canonnier	0.2835239871750855
ier	éclusier	0.2795639657966265
ier	timonier	0.278465774122178
ier	gargotier	0.27745480749258716
ier	peaussier	0.27465541705712704
ier	brancardier	0.2720265814624613
ier	officier	0.2702788695760596
ier	boisselier	0.2699287582435833
ier	aventurier	0.26871121814012117
ier	braconnier	0.2673215855724293
ier	coulissier	0.2670219147353153
ier	lainier	0.26493195785614476
ier	ambulancier	0.264829400662559
ier	carabinier	0.2602145664145227
ier	tourière	0.2535886731790924
ier	dépensier	0.25288849878180836
ier	geôlier	0.25226190394021963
ier	infirmier	0.24967360280056514
ier	greffier	0.2493711168094687
ier	fournier	0.24727971257179515
ier	guichetier	0.2466108967295249
ier	brossier	0.24631484781384402
ier	scaphandrier	0.24156068917830123
ier	archer	0.24112937400834328
ier	ratier	0.24102471145542026
ier	sorcier	0.23814298375744086
ier	flibustier	0.23760389095013057
ier	bistrotier	0.23359160231321657
ier	timbalier	0.23191885302011617
ier	marinier	0.22999968920971572
ier	banquière	0.22377293441911536
ier	passementière	0.22157608017368777
ier	ânier	0.22092939427126695
ier	meurtrier	0.2195884569936148
ier	piquier	0.21736328892770346
ier	trésorier	0.21577754855911743
ier	forestier	0.2148021456015825
ier	panetier	0.21354769514996813
ier	bouquetière	0.213468936923975
ier	costumier	0.2124361764716735
ier	cigarière	0.21127232216132139
ier	saisonnier	0.21106750766478907
ier	pontonnier	0.21008962229458983
ier	aérostier	0.20895260536421767
ier	plaisancier	0.20796304445016905
ier	cocher	0.20161789846746464
ier	guerrier	0.20045709389142644
ier	bâtonnier	0.19827292783559108
ier	romancier	0.19576277750997706
ier	gondolier	0.19549559406556954
ier	chamelier	0.19070843729983725
ier	taulier	0.18952976399360733
ier	sorcière	0.18773137013561775
ier	émeutier	0.18644683623178443
ier	caravanier	0.1849303189203174
ier	messager	0.18204703395105198
ier	animalier	0.1813477490764142
ier	pitancier	0.1790439413358842
ier	parolier	0.17830136678857572
ier	cancanier	0.17178104877892506
ier	anecdotier	0.171642718014138
ier	bousier	0.17017718647471303
ier	nattier	0.1686419389492108
ier	justicier	0.1571045497831099
ier	sourcier	0.1570473549507911
ier	poulinière	0.1544703477181561
ier	missilier	0.15290785844318971
ier	magasinière	0.15060610893473592
ier	oiselier	0.1480667467135292
ier	préfacier	0.13787501866908997
ier	cigarettier	0.11870888152412269
ier	policière	0.11760700326980204
ier	rochassier	0.1167338839931736
ier	officière	0.11119714728517789
ier	parolière	0.11114168453827336
ier	pluvier	0.10998009703780864
ier	friturier	0.10872921955936687
ier	bistrotière	0.10402754717926688
ier	procédurier	0.10333016656017753
ier	peaucier	0.09834558699063935
ier	échotier	0.09795540542111324
ier	huîtrier	0.09703017568013636
ier	ailier	0.09316879128806876
ier	îlotier	0.0869698436195728
ier	caravanière	0.0756346185175705
iste	germaniste	0.4095068331153883
iste	ophtalmologiste	0.40238470713139274
iste	pathologiste	0.39996267315039213
iste	physiologiste	0.3990088026676284
iste	interniste	0.3961892985351315
iste	linguiste	0.3960632545001053
iste	folkloriste	0.3952611483828673
iste	clarinettiste	0.39451124582567637
iste	neurobiologiste	0.39430302914112864
iste	immunologiste	0.393538054193605
iste	chimiste	0.3921663912784161
iste	céramiste	0.39197147108842617
iste	bactériologiste	0.3918502791562667
iste	orthopédiste	0.39025749242408647
iste	microbiologiste	0.3889808951370241
iste	violoniste	0.38882162105154777
iste	botaniste	0.3884487972411241
iste	marionnettiste	0.3845646131424031
iste	embryologiste	0.3841630364862576
iste	helléniste	0.3840334519750693
iste	journaliste	0.3814843025894692
iste	graphiste	0.38138415376078855
iste	biologiste	0.3807199438637332
iste	biochimiste	0.38002809626611783
iste	nutritionniste	0.37975044184309914
iste	dentiste	0.37919384991573246
iste	documentariste	0.37797095495622807
iste	caricaturiste	0.37756146223217857
iste	taxidermiste	0.3772288374868926
iste	affichiste	0.37613061871150544
iste	violoncelliste	0.3758589617143022
iste	flûtiste	0.37397203354546893
iste	pianiste	0.37368407976054746
iste	styliste	0.3727955689327265
iste	ébéniste	0.37212481266994235
iste	ichtyologiste	0.37053801066978853
iste	anatomiste	0.3696329299467566
iste	entomologiste	0.36889915346146995
iste	claveciniste	0.3685001387475703
iste	épigraphiste	0.3683117753274877
iste	aquarelliste	0.36817904136437857
iste	économiste	0.36728272373158016
iste	latiniste	0.36672848509354283
iste	trompettiste	0.365158458213279
iste	alpiniste	0.3649744324851483
iste	zoologiste	0.36306701822615006
iste	médiéviste	0.36059243453
iste	épidémiologiste	0.3594521609289446
iste	humoriste	0.35935768472404483
iste	accordéoniste	0.35868434099836927
iste	météorologiste	0.3585558331483226
iste	paysagiste	0.3562349454914099
iste	tromboniste	0.35609529030402975
iste	oculiste	0.35489043143902893
iste	contrebassiste	0.35367161258256663
iste	galeriste	0.3526893026204808
iste	optométriste	0.3525030660171891
iste	portraitiste	0.3518085519330169
iste	herboriste	0.3514015201599694
iste	essayiste	0.35022653136575493
iste	corniste	0.35003179284742564
iste	radiologiste	0.34822096190762586
iste	harmoniciste	0.34697821713018023
iste	paléontologiste	0.3445418335331473
iste	criminaliste	0.34431176143099945
iste	accessoiriste	0.34421083062835967
iste	pépiniériste	0.3428630254592227
iste	artiste	0.3424113296540857
iste	orthodontiste	0.34007223700270034
iste	machiniste	0.33998877783241854
iste	publiciste	0.33949718968070774
iste	saxophoniste	0.33815763070564
iste	ethnobotaniste	0.33792047853400253
iste	laryngologiste	0.3346125347831551
iste	miniaturiste	0.3343036485466667
iste	garagiste	0.33290127437505784
iste	harpiste	0.3328911157158197
iste	virologiste	0.33278777989381886
iste	coloriste	0.3322341116362275
iste	satiriste	0.3320166916686051
iste	éclairagiste	0.3319855196296505
iste	neurologiste	0.3308525494630345
iste	généalogiste	0.33078577461542913
iste	métallurgiste	0.32984917479781906
iste	droguiste	0.3294808481375145
iste	contorsionniste	0.3265562516655484
iste	herpétologiste	0.32579076268130247
iste	fresquiste	0.3227784674687289
iste	scénariste	0.3219346743501373
iste	aliéniste	0.32152695516159413
iste	maquettiste	0.321044594659672
iste	algébriste	0.319691131999111
iste	criminologiste	0.31943629112361027
iste	illusionniste	0.31520005421496056
iste	polémiste	0.3141532425503985
iste	philatéliste	0.3140352239483411
iste	anesthésiste	0.31366506468506516
iste	percussionniste	0.3122784111290406
iste	nouvelliste	0.3114784224682476
iste	modiste	0.31040958020161297
iste	urbaniste	0.30660584087060466
iste	talmudiste	0.3064104151001627
iste	trapéziste	0.3053504313030528
iste	fiscaliste	0.3045719591358387
iste	librettiste	0.30244504140902356
iste	télégraphiste	0.30238638224130154
iste	orthophoniste	0.3019626559150516
iste	pénaliste	0.29917225600402053
iste	organiste	0.29606517797853843
iste	légiste	0.29438573543502133
iste	archiviste	0.2938109828633755
iste	mémorialiste	0.2936122132026895
iste	étalagiste	0.29320281820101346
iste	concertiste	0.2906831988379311
iste	radiesthésiste	0.2903413774426397
iste	linotypiste	0.28983753766856885
iste	affairiste	0.2897086018753169
iste	étymologiste	0.28958230476734453
iste	anthropologiste	0.289361225835545
iste	guitariste	0.2864192506720756
iste	épéiste	0.2848178634354296
iste	recherchiste	0.2843248697165887
iste	turfiste	0.2840648189435229
iste	aubergiste	0.28362415194920776
iste	feuilletoniste	0.28119253052415333
iste	pongiste	0.28107197117130556
iste	xylophoniste	0.28089088267575685
iste	fabuliste	0.2800615167950422
iste	pompiste	0.27996461358419805
iste	projectionniste	0.2791965473938264
iste	visagiste	0.2748032119012204
iste	modéliste	0.2745081971051346
iste	perchiste	0.27419324338907103
iste	alchimiste	0.2739961781589798
iste	instrumentiste	0.27348327012491047
iste	tankiste	0.27255840208917564
iste	sidérurgiste	0.2699263903283829
iste	endocrinologiste	0.26829557512117186
iste	arriviste	0.2667116218758347
iste	documentaliste	0.2653135016654228
iste	taxinomiste	0.2641056723289972
iste	éditorialiste	0.26323195880528455
iste	radiotélégraphiste	0.25772272755104186
iste	dermatologiste	0.25769120127222567
iste	exorciste	0.2570679057250486
iste	téléphoniste	0.255959691359358
iste	urgentiste	0.252744958908989
iste	catéchiste	0.25089464217090685
iste	chauffagiste	0.24937995535814775
iste	liquoriste	0.24904089153395764
iste	odontologiste	0.24868594509092518
iste	fleuriste	0.24852365683562028
iste	cycliste	0.24735761549657354
iste	kayakiste	0.24625178545317014
iste	dialoguiste	0.24589305460126412
iste	pigiste	0.24562438246860935
iste	grossiste	0.24129997385749594
iste	propagandiste	0.24110204538738064
iste	bassiste	0.24010508275510217
iste	copiste	0.2392362905227488
iste	duettiste	0.238612879764185
iste	sténotypiste	0.23798021949090067
iste	revuiste	0.23681599367187867
iste	standardiste	0.23501883151646458
iste	ironiste	0.23402429001783845
iste	attentiste	0.23245942071716374
iste	secouriste	0.23154669977022352
iste	vocaliste	0.2302370356254706
iste	bouquiniste	0.22948079982482408
iste	motocycliste	0.22918906605297762
iste	apologiste	0.2277360291704198
iste	sans-filiste	0.22668833693046933
iste	choriste	0.2263712935252631
iste	diététiste	0.22582642537590858
iste	soliste	0.22526020392984153
iste	caviste	0.22480748044587262
iste	stratégiste	0.2214454972416618
iste	généraliste	0.2209841815815409
iste	tractoriste	0.21883593558975098
iste	physionomiste	0.2160544318761822
iste	excursionniste	0.21506396969751962
iste	prothésiste	0.21251285063272077
iste	cymbaliste	0.2066888344185324
iste	équilibriste	0.2056140935482406
iste	bandagiste	0.1968936682069813
iste	échographiste	0.19230496306908473
iste	sitariste	0.1921981539625761
iste	conformiste	0.19096141324852994
iste	duelliste	0.18636578606307214
iste	cibiste	0.18572225895036473
iste	curiste	0.18470757580374483
iste	automobiliste	0.181219873271243
iste	bagagiste	0.17716862512720594
iste	lampiste	0.16484297855668084
iste	réceptionniste	0.16179943538683997
iste	parachutiste	0.15493369379370123
iste	méhariste	0.1499869875045375
iste	panégyriste	0.145323473447421
iste	pugiliste	0.11821166521074791
iste	courriériste	0.11809212224522461
iste	congressiste	0.11629278869295964
iste	gréviste	0.10988789662789741
iste	récidiviste	0.10968229759454538
iste	exhibitionniste	0.10829864644152662
iste	planchiste	0.10367184093935167
iste	psalmiste	0.10084122181627529
iste	finaliste	0.07612274759288334
